Rank,Player,Team,Position,Age,ETA
1,Vladimir Guerrero Jr.,Blue Jays,3B,19,2019
2,Eloy Jimenez,White Sox,OF,22,2019
3,Fernando Tatis Jr.,Padres,SS,20,2019
4,Victor Robles,Nationals,OF,21,2019
5,Wander Franco,Rays,SS,17,2021
6,Jo Adell,Angels,OF,19,2020
7,Nick Senzel,Reds,3B,23,2019
8,Royce Lewis,Twins,SS,19,2021
9,Keston Hiura,Brewers,2B,22,2019
10,Forrest Whitley,Astros,RHP,21,2019
11,Kyle Tucker,Astros,OF,21,2019
12,Alex Kirilloff,Twins,OF,20,2020
13,Bo Bichette,Blue Jays,SS,20,2019
14,Taylor Trammell,Reds,OF,21,2021
15,Carter Kieboom,Nationals,SS,21,2020
16,Jesus Luzardo,A's,LHP,21,2019
17,Pete Alonso,Mets,1B,24,2019
18,Luis Urias,Padres,2B,21,2018
19,Alex Reyes,Cardinals,RHP,24,2017
20,Vidal Brujan,Rays,2B,20,2021
21,Yordan Alvarez,Astros,1B,21,2019
22,A.J. Puk,A's,LHP,23,2020
23,Trevor Larnach,Twins,OF,21,2020
24,Jonathan India,Reds,3B,21,2020
25,Brendan Rodgers,Rockies,SS,22,2019
26,Garrett Hampson,Rockies,2B,24,2019
27,Austin Riley,Braves,3B,21,2019
28,Kristian Robinson,Diamondbacks,OF,18,2023
29,Andres Gimenez,Mets,SS,20,2020
30,Jazz Chisholm,Diamondbacks,SS,20,2020
31,Yusei Kikuchi,Mariners,LHP,27,2019
32,Gavin Lux,Dodgers,2B/SS,21,2020
33,Nate Lowe,Rays,1B,23,2019
34,Nolan Jones,Indians,3B,20,2020
35,Jesus Sanchez,Rays,OF,21,2021
36,Nolan Gorman,Cardinals,3B,18,2022
37,MacKenzie Gore,Padres,LHP,19,2022
38,Michael Kopech,White Sox,RHP,22,2018
39,Mike Soroka,Braves,RHP,21,2018
40,Brent Honeywell,Rays,RHP,23,2019
41,Nico Hoerner,Cubs,SS/2B,21,2020
42,Touki Toussaint,Braves,RHP,22,2018
43,Chris Paddack,Padres,RHP,22,2019
44,Yusniel Diaz,Orioles,OF,21,2019
45,Jarred Kelenic,Mariners,OF,19,2022
46,Xavier Edwards,Padres,SS,19,2021
47,Luis Garcia (WAS),Nationals,2B,18,2021
48,Ke'Bryan Hayes,Pirates,3B,21,2020
49,Drew Waters,Braves,OF,20,2021
50,Nate Pearson,Blue Jays,RHP,22,2020
51,Luis Robert,White Sox,OF,21,2020
52,Casey Mize,Tigers,RHP,21,2020
53,George Valera,Indians,OF,18,2022
54,Ian Anderson,Braves,RHP,20,2021
55,Sixto Sanchez,Phillies,RHP,20,2021
56,Jordyn Adams,Angels,OF,19,2023
57,Dylan Cease,White Sox,RHP,21,2020
58,Bubba Thompson,Rangers,OF,20,2022
59,Estevan Florial,Yankees,OF,21,2020
60,Marco Luciano,Giants,3B,17,2023
61,Danny Jansen,Blue Jays,C,23,2018
62,Josh James,Astros,RHP,25,2019
63,Matt Manning,Tigers,RHP,20,2021
64,Oneil Cruz,Pirates,SS,20,2021
65,Victor Victor Mesa,Marlins,OF,22,2020
66,Cristian Pache,Braves,OF,20,2021
67,Ronny Mauricio,Mets,SS,17,2023
68,Mark Vientos,Mets,3B/SS,19,2022
69,Alex Verdugo,Dodgers,OF,22,2019
70,Tyler Freeman,Indians,SS/2B,19,2021
71,Luis Patino,Padres,RHP,19,2022
72,Brusdar Graterol,Twins,RHP,20,2021
73,Alec Bohm,Phillies,3B,22,2020
74,Jordan Groshans,Blue Jays,3B/SS,19,2022
75,Bryse Wilson,Braves,RHP,21,2018
76,Nick Madrigal,White Sox,2B,21,2020
77,Brayan Rocchio,Indians,SS/3B,18,2022
78,Francisco Mejia,Padres,C,22,2018
79,Khalil Lee,Royals,OF,20,2022
80,Hudson Potts,Padres,SS/3B,20,2020
81,Isaac Paredes,Tigers,SS,19,2019
82,Julio Rodriguez,Mariners,OF,18,2023
83,Daulton Varsho,Diamondbacks,C,22,2021
84,Kyle Wright,Braves,RHP,23,2019
85,Sherten Apostel,Rangers,3B,20,2022
86,Jhon Torres,Cardinals,OF,18,2022
87,Brandon Marsh,Angels,OF,21,2021
88,Tyler Nevin,Rockies,1B,21,2020
89,Jorge Mateo,A's,SS,23,2019
90,Brendan McKay,Rays,LHP/1B,23,2020
91,Adonis Medina,Phillies,RHP,22,2021
92,Matthew Liberatore,Rays,LHP,19,2022
93,Triston McKenzie,Indians,RHP,21,2020
94,Christin Stewart,Tigers,OF,25,2018
95,Kevin Smith,Blue Jays,SS,22,2020
96,Deivi Garcia,Yankees,RHP,19,2020
97,Jonathan Loaisiga,Yankees,RHP,24,2019
98,Ryan Mountcastle,Orioles,3B,21,2019
99,Mitch Keller,Pirates,RHP,22,2019
100,Esteury Ruiz,Padres,2B,19,2021
101,Luis Garcia (PHI),Phillies,SS,18,2022
102,Dustin May,Dodgers,RHP,20,2020
103,Jahmai Jones,Angels,2B,21,2020
104,Elehuris Montero,Cardinals,3B,20,2020
105,Brandon Lowe,Rays,2B/OF,24,2018
106,Heliot Ramos,Giants,OF,19,2022
107,Jeter Downs,Dodgers,SS,20,2021
108,Adam Haseley,Phillies,OF,22,2019
109,Ryan McKenna,Orioles,OF,21,2019
110,Spencer Howard,Phillies,RHP,22,2021
111,Ronaldo Hernandez,Rays,C,21,2021
112,Travis Swaggerty,Pirates,OF,21,2021
113,D.L. Hall,Orioles,LHP,20,2021
114,Monte Harrison,Marlins,OF,23,2020
115,Antonio Cabello,Yankees,OF,18,2023
116,Jon Duplantier,Diamondbacks,RHP,24,2019
117,Colton Welker,Rockies,3B,21,2021
118,Joey Bart,Giants,C,22,2020
119,Griffin Canning,Angels,RHP,22,2019
120,Justus Sheffield,Mariners,LHP,22,2019
121,Grant Lavigne,Rockies,1B,19,2022
122,Hunter Greene,Reds,RHP,19,2022
123,D'Shawn Knowles,Angels,OF,18,2023
124,Anderson Espinoza,Padres,RHP,20,2021
125,Eric Pardinho,Blue Jays,RHP,18,2022
126,William Contreras,Braves,C,20,2021
127,Austin Beck,A's,OF,20,2022
128,Tirso Ornelas,Padres,OF,18,2021
129,Geraldo Perdomo,Diamondbacks,SS,18,2023
130,Daz Cameron,Tigers,OF,22,2019
131,Luis Rengifo,Angels,2B/SS,22,2019
132,Seuly Matias,Royals,OF,22,2022
133,Luiz Gohara,Braves,LHP,22,2018
134,Sandy Alcantara,Marlins,RHP,23,2018
135,Michael Chavis,Red Sox,3B,23,2019
136,Malcom Nunez,Cardinals,1B,17,2023
137,Corbin Martin,Astros,RHP,22,2020
138,Wander Javier,Twins,SS,19,2022
139,Cole Winn,Rangers,RHP,19,2022
140,Cole Roederer,Cubs,OF,19,2022
141,Adrian Morejon,Padres,LHP,19,2020
142,Justin Dunn,Mariners,RHP,23,2020
143,Hans Crouse,Rangers,OF,20,2021
144,Logan Gilbert,Mariners,RHP,21,2021
145,Kyle Lewis,Mariners,OF,23,2020
146,Nick Pratto,Royals,1B,20,2021
147,Micker Adolfo,White Sox,OF,22,2021
148,Julio Pablo Martinez,Rangers,OF,23,2021
149,Cavan Biggio,Blue Jays,1B/2B/3B,23,2019
150,Bobby Dalbec,Red Sox,3B,23,2020
151,Shed Long,Mariners,2B,23,2020
152,Keibert Ruiz,Dodgers,C,20,2020
153,Alek Thomas,Diamondbacks,OF,18,2023
154,Nick Solak,Rays,C,24,2019
155,Isan Diaz,Marlins,2B,22,2019
156,Austin Hays,Orioles,OF,23,2019
157,Leody Taveras,Rangers,OF,20,2020
158,Jeremiah Jackson,Angels,SS,19,2022
159,Shervyen Newton,Mets,SS,19,2022
160,Evan White,Mariners,1B,22,2020
161,M.J. Melendez,Royals,C,20,2021
162,Logan Allen,Padres,LHP,21,2019
163,Michel Baez,Padres,RHP,22,2020
164,Daniel Lynch,Royals,LHP,22,2020
165,Luis Oviedo,Indians,RHP,19,2022
166,Taylor Widener,Diamondbacks,RHP,23,2020
167,Tony Gonsolin,Dodgers,RHP,24,2019
168,Wenceel Perez,Tigers,SS,19,2022
169,Ethan Hankins,Indians,RHP,18,2023
170,Brennen Davis,Cubs,OF,19,2023
171,Andrew Knizner,Cardinals,C,23,2019
172,Seth Beer,Astros,1B,22,2020
173,Corey Ray,Brewers,OF,24,2020
174,Kyle Isbel,Royals,OF,22,2021
175,Everson Pereira,Yankees,OF,17,2023
176,Triston Casas,Red Sox,3B,18,2022
177,J.B. Bukauskas,Astros,RHP,22,2020
178,Moises Gomez,Rays,OF,20,2022
179,Alexander Canario,Giants,OF,18,2022
180,Tony Santillan,Reds,RHP,21,2020
181,Nick Neidert,Marlins,RHP,22,2019
182,Brady Singer,Royals,RHP,22,2020
183,Shane Baz,Rays,RHP,19,2022
184,Simeon Woods-Richardson,Mets,RHP,18,2023
185,Orelvis Martinez,Blue Jays,SS,17,2022
186,Jake Fraley,Mariners,OF,23,2021
187,Blake Rutherford,White Sox,OF,21,2021
188,Brent Rooker,Twins,3B,21,2019
189,Roansy Contreras,Yankees,RHP,19,2022
190,Luis Medina,Yankees,RHP,19,2022
191,Cole Tucker,Pirates,SS,22,2020
192,Calvin Mitchell,Pirates,OF,19,2021
193,Josh Naylor,Padres,1B/OF,21,2020
194,Antoni Flores,Red Sox,SS,18,2022
195,Brock Burke,Rangers,LHP,22,2020
196,Nicky Lopez,Royals,SS/2B,24,2019
197,Matt Thaiss,Angels,1B,23,2019
198,Tristan Pompey,Marlins,OF,21,2021
199,Luis Santana,Astros,2B,19,2022
200,Thomas Szapucki,Mets,LHP,22,2022
201,Lazaro Armenteros,A's,OF,19,2022
202,Miguel Vargas,Dodgers,3B,19,2022
203,Garrett Whitley,Rays,OF,21,2021
204,Dennis Santana,Dodgers,RHP,22,2019
205,David Peterson,Mets,LHP,23,2020
206,Kevin Newman,Pirates,OF,25,2018
207,DJ Peters,Dodgers,OF,23,2020
208,Zack Collins,White Sox,C/1B,23,2019
209,Bo Naylor,Indians,C,19,2023
210,Grayson Rodriguez,Orioles,RHP,18,2022
211,Miguel Amaya,Cubs,C,20,2022
212,Michael King,Yankees,RHP,23,2019
213,Sean Reid-Foley,Blue Jays,RHP,23,2018
214,Ramon Urias,Cardinals,2B,24,2020
215,Jay Groome,Red Sox,LHP,20,2021
216,Braxton Garrett,Marlins,LHP,21,2022
217,Luis Alexander Basabe,White Sox,OF,22,2020
218,Parker Meadows,Tigers,OF,19,2022
219,Yu Chang,Indians,3B/SS,23,2019
220,Luis Gonzalez,White Sox,OF,23,2020
221,Taylor Hearn,Rangers,LHP,24,2019
222,Franklin Perez,Tigers,RHP,21,2021
223,Mauricio Dubon,Brewers,SS/2B,24,2019
224,Clarke Schmidt,Yankees,RHP,22,2021
225,Merrill Kelly,Diamondbacks,RHP,30,2019
226,Kyle Muller,Braves,LHP,20,2021
227,Chris Rodriguez,Angels,RHP,20,2022
228,Jackson Kowar,Royals,RHP,22,2021
229,Jordan Yamamoto,Marlins,RHP,22,2020
230,Ryan Vilade,Rockies,SS,19,2021
231,Dean Kremer,Orioles,RHP,22,2019
232,Alexander Vargas,Yankees,SS,16,2024
233,Jose Suarez,Angels,LHP,21,2019
234,Darwinzon Hernandez,Red Sox,LHP,21,2020
235,Eddy Diaz,Rockies,SS,18,2023
236,Rylan Bannon,Orioles,2B/3B,22,2020
237,Blaze Alexander,Diamondbacks,SS,19,2023
238,Jean Carmona,Orioles,SS,18,2021
239,Zac Lowther,Orioles,LHP,22,2020
240,Denyi Reyes,Red Sox,RHP,21,2021
241,Joey Wentz,Braves,LHP,21,2021
242,Jean Carlos Encarnacion,Orioles,3B,20,2021
243,Ryan Helsley,Cardinals,RHP,24,2019
244,Jonathan Hernandez,Rangers,RHP,22,2020
245,Trent Deveaux,Angels,OF,18,2023
246,Noelvis Marte,Mariners,SS,17,2023
247,Freudis Nova,Astros,SS,18,2022
248,Johnathan Rodriguez,Indians,OF,19,2022
249,Dane Dunning,White Sox,RHP,24,2019
250,Akil Baddoo,Twins,OF,20,2021
251,Joe Palumbo,Rangers,LHP,24,2019
252,Sean Murphy,A's,C,24,2020
253,Zack Brown,Brewers,RHP,24,2019
254,Dylan Carlson,Cardinals,OF,20,2020
255,Yasel Antuna,Nationals,SS,19,2022
256,Lucius Fox,Rays,SS,21,2020
257,Lane Thomas,Cardinals,OF,23,2020
258,Carlos Rincon,Dodgers,OF,21,2021
259,Jose Siri,Reds,OF,23,2020
260,Albert Abreu,Yankees,RHP,23,2021
261,Gilberto Celestino,Twins,OF,19,2020
262,Michael Grove,Dodgers,RHP,22,2022
263,Anderson Tejada,Rangers,SS,20,2021
264,Tristen Lutz,Brewers,OF,19,2022
265,Daniel Brito,Phillies,2B,21,2022
266,Adbert Alzolay,Cubs,RHP,24,2019
267,Kevin Alcantara,Yankees,OF,16,2024
268,Lolo Sanchez,Pirates,RHP,19,2022
269,Oscar Mercado,Indians,OF,24,2019
270,Misael Urbina,Twins,OF,21,2022
271,Mariel Bautista,Reds,OF,21,2021
272,Mickey Moniak,Phillies,OF,20,2021
273,Josh Stowers,Yankees,OF,22,2021
274,Terrin Vavra,Rockies,SS,21,2021
275,Anthony Alford,Blue Jays,OF,24,2018
276,Andy Young,Diamondbacks,2B/3B,24,2020
277,Jake McCarthy,Diamondbacks,OF,21,2020
278,Greyson Jenista,Braves,OF/1B,22,2021
279,Jhoan Duran,Twins,RHP,20,2021
280,Mike Siani,Reds,OF,19,2022
281,Anthony Seigler,Yankees,C,19,2022
282,Jameson Hannah,A's,OF,21,2021
283,Chris Shaw,Giants,OF,25,2019
284,Bryan Abreu,Astros,RHP,21,2021
285,Brewer Hicklen,Royals,OF,23,2021
286,Willi Castro,Tigers,SS,21,2019
287,Ty Buttrey,Angels,RHP,26,2019
288,Luis Toribio,Giants,3B,18,2023
289,Jairo Pomares,Giants,OF,18,2022
290,Myles Straw,Astros,OF,24,2019
291,Tyler Ivey,Astros,RHP,22,2020
292,Gabriel Rodriguez,Indians,SS,17,2024
293,Trevor Rogers,Marlins,LHP,21,2022
294,Gabriel Arias,Padres,SS,18,2022
295,Jonathan Ornelas,Rangers,SS,19,2022
296,Shane McClanahan,Rays,LHP,21,2021
297,Francisco Morales,Phillies,RHP,19,2023
298,Luis Gil,Yankees,RHP,20,2022
299,Nick Decker,Red Sox,OF,19,2022
300,Nick Schnell,Rays,OF,18,2022
